USER_ID,Probabilities
8087741,0.8974024517315686
2534913,0.9684039007476241
53480255,0.7314968475961346
44224215,0.9756366728365287
6912404,0.504076946817188
