USER_ID,Probabilities
8087741,0.9999990461959891
2545304,0.9948878801650474
2534913,0.9999999910512299
11703255,0.9999847204558504
44224215,0.9879906868306104
