USER_ID,Probabilities
8087741,0.9999987846284607
2545304,0.9919380629270319
2534913,0.9999999696509696
11703255,0.9997427877674433
44224215,0.9971375412813228
DB01136,0.9950406831799264
