USER_ID,Probabilities
8087741,0.9998103
2545304,0.9539779
2534913,0.99996984
11703255,0.9972627
44224215,0.9371942
