USER_ID,Probabilities
8087741,0.9998541
2545304,0.9220721
2534913,0.999936
11703255,0.99612904
44224215,0.96050394
