USER_ID,Probabilities
8087741,0.9998598
2545304,0.9585449
2534913,0.99992824
11703255,0.99945086
44224215,0.84102726
