USER_ID,Probabilities
8087741,0.99567634
2545304,0.94189817
2534913,0.9998919
11703255,0.92019266
44224215,0.99420303
DB01136,0.9926092
