USER_ID,Probabilities
8087741,0.9951167
2545304,0.92288727
2534913,0.99915814
11703255,0.90725523
44224215,0.97359824
